,file_name,style
0,1.jpg,1.0
1,2.jpg,1.0
2,3.jpg,1.0
3,4.jpg,1.0
4,5.jpg,1.0
5,6.jpg,1.0
6,7.jpg,1.0
7,8.jpg,1.0
8,9.jpg,1.0
9,10.jpg,1.0
10,11.jpg,1.0
11,12.jpg,1.0
12,13.jpg,1.0
13,14.jpg,1.0
14,15.jpg,1.0
15,16.jpg,1.0
16,17.jpg,1.0
17,18.jpg,1.0
18,19.jpg,1.0
19,20.jpg,1.0
20,21.jpg,1.0
21,22.jpg,1.0
22,23.jpg,1.0
23,24.jpg,1.0
24,25.jpg,1.0
25,26.jpg,1.0
26,27.jpg,1.0
27,28.jpg,1.0
28,29.jpg,1.0
29,30.jpg,1.0
30,31.jpg,1.0
31,32.jpg,1.0
32,PC2A000029N000000000PAA.jpg,1.0
33,PC2A000030N000000000PAA.jpg,1.0
34,PC2A000031N000000000PAA.jpg,1.0
35,PC2A000032N000000000AA.jpg,1.0
36,PC2A000033N000000000PAA.jpg,1.0
37,PC2A000035N000000000PAA.jpg,1.0
38,PC2A000036N000000000AA.jpg,1.0
39,PC2A000037N000000000PAA.jpg,1.0
40,PC2A000038N000000000AA.jpg,1.0
41,PC2A000039N000000000AA.JPG,1.0
42,PC2A000041N000000000AA.jpg,1.0
43,PC2A000072N000000000AA.jpg,1.0
44,PC2A000073N000000000AA.jpg,1.0
45,PC2A000074N000000000AA.jpg,1.0
46,PC2A000075N000000000PAA.jpg,1.0
47,PC2A000076N000000000PAA.jpg,1.0
48,PC2A000077N000000000PAA.jpg,1.0
49,PC2A000078N000000000PAA.jpg,1.0
50,PC2A000079N000000000AA.jpg,1.0
51,PC2A000080N000000000AA.jpg,1.0
52,PC2A000081N000000000AA.jpg,1.0
53,PC2A000085N000000000AA.jpg,1.0
54,PC2A000292N000000000PAA.jpg,1.0
55,PC2A000293N000000000AA.jpg,1.0
56,PC2A000294N000000000PAA.jpg,1.0
57,PC2A000295N000000000PAA.jpg,1.0
58,PC2A000296N000000000PAA.jpg,1.0
59,PC2A000297N000000000PAA.jpg,1.0
60,PC2A000298N000000000PAA.jpg,1.0
61,PC2A000299N000000000PAA.jpg,1.0
62,PC2A000311N000000000PAA.jpg,1.0
63,PC2A000312N000000000PAA.jpg,1.0
64,PC2A000313N000000000PAA.jpg,1.0
65,PC2A000314N000000000PAA.jpg,1.0
66,PC2A000315N000000000AA.JPG,1.0
67,PC2A000316N000000000PAA.jpg,1.0
68,PC2A000317N000000000PAA.jpg,1.0
69,PC2A000318N000000000PAA.jpg,1.0
70,PC2A000319N000000000AA.JPG,1.0
71,PC2A000320N000000000AA.jpg,1.0
72,PC2A000321N000000000AA.jpg,1.0
73,PA2A000691N000000000PAA.jpg,1.0
74,PA2A000696N000000000PAA.jpg,1.0
75,PA2A000698N000000000PAA.jpg,1.0
76,PA2A000410N000000000PAA.jpg,1.0
77,PA2A000411N000000000AA.jpg,1.0
78,PA2A000432N000000000AA.jpg,1.0
79,PA2A000511N000000000AA.JPG,1.0
80,PA2A000512N000000000AA.JPG,1.0
81,PA2A000513N000000000AA.jpg,1.0
82,PA2A000514N000000000AA.JPG,1.0
83,PA2A000515N000000000AA.jpg,1.0
84,PA2A000691N000000000PAA.jpg,1.0
85,PA2A000696N000000000PAA.jpg,1.0
86,PA2A000698N000000000PAA.jpg,1.0
87,PA2A000055N000000000PAA.jpg,1.0
88,PA2A000058N000000000PAA.jpg,1.0
89,PA2A000059N000000000PAA.jpg,1.0
90,PA2A000060N000000000PAA.jpg,1.0
91,PA2A000061N000000000PAA.jpg,1.0
92,PA2A000062N000000000PAA.jpg,1.0
93,PA2A000063N000000000PAA.jpg,1.0
94,PA2A000064N000000000PAA.jpg,1.0
95,PA2A000256N000000000PAB.JPG,1.0
96,PA2A000266N000000000PAA.jpg,1.0
97,PA2A000277N000000000PAA.jpg,1.0
98,PA2A000279N000000000AA.JPG,1.0
99,PA2A000280N000000000PAA.jpg,1.0
100,PA2A000281N000000000PAA.jpg,1.0
101,PA2A000284N000000000PAA.jpg,1.0
102,PA2A000287N000000000PAA.jpg,1.0
103,PA2A000407N000000000AA.jpg,1.0
104,PA2A000408N000000000AA.jpg,1.0
105,PA2A000045N000000000PAA.jpg,1.0
106,PA2A000047N000000000PAA.jpg,1.0
107,PA2A000054N000000000PAA.jpg,1.0
108,PB2A000888N000000000PAA.jpg,1.0
109,PB2A000889N000000000PAA.jpg,1.0
110,PB2A000891N000000000PAA.jpg,1.0
111,PB2A000892N000000000PAA.jpg,1.0
112,PB2A000893N000000000PAA.jpg,1.0
113,PB2A000895N000000000PAA.jpg,1.0
114,PB2A000896N000000000PAA.jpg,1.0
115,PB2A000898N000000000PAA.jpg,1.0
116,PB2A000935N000000000PAE.jpg,1.0
117,PB2A000999N000000000PAA.jpg,1.0
118,PB2A001012N000000000PAA.jpg,1.0
119,PB2A001231N000000000PAA.jpg,1.0
120,PB2A000850N000000006PAA.jpg,1.0
121,PB2A000850N000000008PAA.jpg,1.0
122,PB2A000850N000000009PAA.jpg,1.0
123,PB2A000850N000000010PAA.jpg,1.0
124,PB2A000850N000000011PAA.jpg,1.0
125,PB2A000850N000000012PAA.jpg,1.0
126,PB2A000885N000000001PAB.jpg,1.0
127,PB2A000885N000000002PAA.jpg,1.0
128,PB2A000885N000000003PAA.jpg,1.0
129,PB2A000885N000000004PAA.jpg,1.0
130,PB2A000885N000000005PAA.jpg,1.0
131,PB2A000885N000000006PAA.jpg,1.0
132,PB2A000885N000000007PAA.jpg,1.0
133,PB2A000885N000000008PAA.jpg,1.0
134,PB2A000885N000000009PAA.jpg,1.0
135,PB2A000885N000000010PAA.jpg,1.0
136,PB2A000885N000000011PAA.jpg,1.0
137,PB2A000885N000000012PAA.jpg,1.0
138,PB2A000886N000000001PAB.jpg,1.0
139,PB2A000886N000000002PAA.jpg,1.0
140,PB2A000886N000000003PAA.jpg,1.0
141,PB2A000886N000000004PAA.jpg,1.0
142,PB2A000886N000000005PAA.jpg,1.0
143,PB2A000886N000000006PAA.jpg,1.0
144,PB2A000886N000000007PAA.jpg,1.0
145,PB2A000886N000000008PAA.jpg,1.0
146,PB2A000886N000000009PAA.jpg,1.0
147,PB2A000886N000000010PAA.jpg,1.0
148,PB2A000886N000000011PAA.jpg,1.0
149,PA2A000136N000000000PAA.jpg,1.0
150,PA2A000292N000000000AA.JPG,1.0
151,PA2A000293N000000000PAB.jpg,1.0
152,PA2A000294N000000000AA.JPG,1.0
153,PA2A000295N000000000AA.JPG,1.0
154,PA2A000300N000000000PAA.jpg,1.0
155,PA2A000716N000000000PAB.jpg,1.0
156,PK2A001379N000000000PAJ.jpg,1.0
157,PK2A001380N000000000PAD.jpg,1.0
158,PK2A001381N000000000PAG.jpg,1.0
159,PK2A001382N000000000PAC.jpg,1.0
160,PK2A001383N000000000PAF.jpg,1.0
161,PK2A001386N000000000PAC.jpg,1.0
162,PK2A001387N000000000PAB.jpg,1.0
163,PK2A001388N000000000PAE.jpg,1.0
164,PK2A001772N000000000PAA.jpg,1.0
165,PK2A001776N000000000PAA.jpg,1.0
166,PK2A001777N000000000PAA.jpg,1.0
167,PK2A001780N000000000PAA.jpg,1.0
168,PK2A001782N000000000PAA.jpg,1.0
169,PK2A001783N000000000PAA.jpg,1.0
170,0067440_RP-T-1888-A-1703.jpg,0.0
171,0107799_BI-1887-1463-157B.jpg,0.0
172,0054205_RP-T-1904-383.jpg,0.0
173,0105997_RP-T-00-493-38A.jpg,0.0
174,0049508_RP-T-1904-364.jpg,0.0
175,0051667_RP-T-1904-232.jpg,0.0
176,0084627_RP-T-1887-A-1237(R).jpg,0.0
177,0064966_RP-T-1952-216.jpg,0.0
178,0051058_RP-T-1904-59.jpg,0.0
179,0065055_RP-T-1952-172.jpg,0.0
180,0067755_RP-T-1888-A-1731.jpg,0.0
181,0059751_NG-1985-7-2-14.jpg,0.0
182,0106293_RP-T-1887-A-899.jpg,0.0
183,0049527_RP-T-1904-149.jpg,0.0
184,0025671_RP-T-1891-A-2427.jpg,0.0
185,0106160_RP-T-1887-A-931.jpg,0.0
186,0091677_RP-T-1887-A-771.jpg,0.0
187,0009819_RP-T-1889-A-2055.jpg,0.0
188,0067873_RP-T-1888-A-1758.jpg,0.0
189,0107731_BI-1887-1463-139B.jpg,0.0
190,0064964_RP-T-1952-210.jpg,0.0
191,0009768_RP-T-1981-1.jpg,0.0
192,0055091_RP-T-1899-A-4134.jpg,0.0
193,0051075_RP-T-1904-115.jpg,0.0
194,0106271_RP-T-1887-A-957(R).jpg,0.0
195,0054297_RP-T-1918-389.jpg,0.0
196,0051078_RP-T-1904-111.jpg,0.0
197,0041982_RP-T-00-1062.jpg,0.0
198,0106312_RP-T-1887-A-958(V).jpg,0.0
199,0067883_RP-T-1905-191.jpg,0.0
200,0059743_NG-1985-7-2-13.jpg,0.0
201,0009658_RP-T-1964-127(R).jpg,0.0
202,0106108_RP-T-00-494-58A.jpg,0.0
203,0064552_NG-1985-7-3-24.jpg,0.0
204,0067783_RP-T-1888-A-1743.jpg,0.0
205,0106213_RP-T-00-493-83.jpg,0.0
206,0066971_RP-T-1952-151(V).jpg,0.0
207,0054169_NG-1985-7-1-30.jpg,0.0
208,0051048_RP-T-1904-54.jpg,0.0
209,0063781_NG-1985-7-2-100.jpg,0.0
210,0107649_BI-1887-1463-121.jpg,0.0
211,0068593_RP-T-00-2108.jpg,0.0
212,0054278_NG-1985-7-1-68.jpg,0.0
213,0063886_NG-1985-7-2-113.jpg,0.0
214,0051005_RP-T-1904-137.jpg,0.0
215,0107400_BI-1887-1463-37.jpg,0.0
216,0067594_RP-T-1894-A-2908.jpg,0.0
217,0051097_RP-T-1904-121.jpg,0.0
218,0062338_NG-1985-7-2-35.jpg,0.0
219,0058105_NG-1985-7-2-4.jpg,0.0
220,0106079_RP-T-00-83.jpg,0.0
221,0054328_NG-1985-7-1-88.jpg,0.0
222,0107400_BI-1887-1463-37.jpg,0.0
223,0049545_RP-T-1904-353.jpg,0.0
224,0106054_RP-T-00-493-67A.jpg,0.0
225,0107673_BI-1887-1463-126B.jpg,0.0
226,0100670_RP-T-00-492-80B.jpg,0.0
227,0009832_RP-T-1899-A-4307.jpg,0.0
228,0106482_RP-T-1887-A-1326.jpg,0.0
229,0054292_NG-1985-7-1-71.jpg,0.0
230,0106111_RP-T-00-494-58C.jpg,0.0
231,0063310_NG-1985-7-2-60.jpg,0.0
232,0067609_RP-T-1888-A-1697.jpg,0.0
233,0106978_RP-T-1887-A-1313.jpg,0.0
234,0106016_RP-T-00-494-36.jpg,0.0
235,0106054_RP-T-00-493-67A.jpg,0.0
236,0051082_RP-T-1904-190.jpg,0.0
237,0024410_RP-T-1889-A-2094.jpg,0.0
238,0091698_RP-T-1887-A-1203.jpg,0.0
239,0065057_RP-T-1952-183(R).jpg,0.0
240,0051074_RP-T-1904-198.jpg,0.0
241,0009854_RP-T-1889-A-2042(R).jpg,0.0
242,0106945_RP-T-1887-A-1260.jpg,0.0
243,0107793_BI-1887-1463-156A.jpg,0.0
244,0050992_RP-T-1904-331.jpg,0.0
245,0091457_RP-T-1887-A-886.jpg,0.0
246,0106225_RP-T-00-493-59.jpg,0.0
247,0055180_NG-1985-7-1-144.jpg,0.0
248,0106313_RP-T-1887-A-981.jpg,0.0
249,0051100_RP-T-1904-108.jpg,0.0
250,0106920_RP-T-1887-A-1255(R).jpg,0.0
251,0024414_RP-T-1889-A-2088.jpg,0.0
252,0051658_RP-T-1904-101.jpg,0.0
253,0009761_RP-T-1930-9.jpg,0.0
254,0107487_BI-1887-1463-64.jpg,0.0
255,0015610_RP-T-1930-4.jpg,0.0
256,0106931_RP-T-1887-A-1274.jpg,0.0
257,0106400_RP-T-1887-A-978.jpg,0.0
258,0100877_RP-T-1887-A-1185(R).jpg,0.0
259,0068302_RP-T-1904-267.jpg,0.0
260,0009826_RP-T-1897-A-3475.jpg,0.0
261,0106259_RP-T-1887-A-963(V).jpg,0.0
262,0058108_NG-1985-7-2-6.jpg,0.0
263,0051682_RP-T-1904-172.jpg,0.0
264,0051057_RP-T-1904-188.jpg,0.0
265,0063876_NG-1985-7-2-107.jpg,0.0
266,0024340_RP-T-1898-A-3544.jpg,0.0
267,0067610_RP-T-1888-A-1698.jpg,0.0
268,0064941_RP-T-1952-186.jpg,0.0
269,0106316_RP-T-1887-A-1219.jpg,0.0
270,0091741_RP-T-1887-A-1252.jpg,0.0
271,0106476_RP-T-1887-A-925.jpg,0.0
272,0091452_RP-T-1959-271.jpg,0.0
273,0023730_RP-T-1918-395.jpg,0.0
274,0059755_NG-1985-7-2-18.jpg,0.0
275,0100693_RP-T-00-492-76A.jpg,0.0
276,0101046_RP-T-00-492-72.jpg,0.0
277,0067749_RP-T-1888-A-1719.jpg,0.0
278,0024360_RP-T-1889-A-2109.jpg,0.0
279,0054209_RP-T-1904-382.jpg,0.0
280,0106548_RP-T-1887-A-834.jpg,0.0
281,0107710_BI-1887-1463-136.jpg,0.0
282,0106054_RP-T-00-493-67A.jpg,0.0
283,0107653_BI-1887-1463-122C.jpg,0.0
284,0024400_RP-T-1889-A-2075.jpg,0.0
285,0055109_RP-T-1899-A-4160.jpg,0.0
286,0091470_RP-T-1887-A-1051.jpg,0.0
287,0107396_BI-1887-1463-34.jpg,0.0
288,0108072_BI-1890-1952-77.jpg,0.0
289,0067800_RP-T-1888-A-1675.jpg,0.0
290,0107730_BI-1887-1463-139A.jpg,0.0
291,0054383_RP-T-1899-A-4163.jpg,0.0
292,0054353_RP-T-1881-A-154.jpg,0.0
293,0106711_RP-T-00-578.jpg,0.0
294,0106815_RP-T-1887-A-759.jpg,0.0
295,0067734_RP-T-1894-A-2950.jpg,0.0
296,0067624_RP-T-1896-A-3126.jpg,0.0
297,0051669_RP-T-1904-227.jpg,0.0
298,0063311_RP-T-1918-336.jpg,0.0
299,0063644_NG-1985-7-2-85.jpg,0.0
300,0063876_NG-1985-7-2-107.jpg,0.0
301,0091741_RP-T-1887-A-1252.jpg,0.0
302,0064918_RP-T-1952-235.jpg,0.0
303,0107635_BI-1887-1463-114.jpg,0.0
304,0106972_RP-T-1887-A-1277.jpg,0.0
305,0054286_RP-T-1921-39.jpg,0.0
306,0054351_RP-T-1881-A-153.jpg,0.0
307,0091494_RP-T-1887-A-838(V).jpg,0.0
308,0024375_RP-T-1888-A-1479.jpg,0.0
309,0100660_RP-T-00-493-3A.jpg,0.0
310,0051037_RP-T-1904-338.jpg,0.0
311,0100635_RP-T-00-492-71A.jpg,0.0
312,0067615_RP-T-00-1294.jpg,0.0
313,0067806_RP-T-1888-A-1686.jpg,0.0
314,0054241_RP-T-1966-73.jpg,0.0
315,0016228_RP-T-1953-139.jpg,0.0
316,0054328_NG-1985-7-1-88.jpg,0.0
317,0100642_RP-T-00-492-84.jpg,0.0
318,0067779_RP-T-1895-A-3084.jpg,0.0
319,0067509_RP-T-1888-A-1683.jpg,0.0
320,0024246_RP-T-1888-A-1431.jpg,0.0
321,0024406_RP-T-1889-A-2090.jpg,0.0
322,0106269_RP-T-1887-A-977.jpg,0.0
323,0054237_NG-1985-7-1-54.jpg,0.0
324,0055114_RP-T-1899-A-4133.jpg,0.0
325,0106818_RP-T-1887-A-1110.jpg,0.0
326,0049511_NG-1985-7-1-8.jpg,0.0
327,0106206_RP-T-1887-A-966.jpg,0.0
328,0106257_RP-T-1887-A-963(R).jpg,0.0
329,0107478_BI-1887-1463-58.jpg,0.0
330,0106510_RP-T-1887-A-1280.jpg,0.0
331,0051003_RP-T-1904-136.jpg,0.0
332,0025352_RP-T-1887-A-1158.jpg,0.0
333,0063887_NG-1985-7-2-114.jpg,0.0
334,0063640_NG-1985-7-2-83.jpg,0.0
335,0107676_BI-1887-1463-127A.jpg,0.0
336,0106464_RP-T-1887-A-999.jpg,0.0
337,0091422_RP-T-1887-A-751.jpg,0.0
338,0107771_BI-1887-1463-149B.jpg,0.0
339,0067430_RP-T-1888-A-1734(V).jpg,0.0
